,Efficiency,Strength,Cluster,Small world,Modularity
Loadings,-0.3904524741779153,0.7462792215818546,-0.44301933715476893,-0.2508313989439502,-0.42594882119302085
