,age,BECK,PCS,STAI,Sex
Loadings,0.30700993628983314,0.7983160496704711,0.6164778496338631,0.5486326598260101,-0.8550272759324742
