,Efficiency,Strength,Cluster,Small world,Modularity
Loadings,0.34476937755558434,-0.6559545304428372,0.44481913578271143,0.6415718966257136,0.5790109926033868
