,Efficiency,Strength,Cluster,Small world,Modularity
Loadings,0.4185631556203327,1.8885700948231674,0.6600014131422972,0.96376829495291,0.6502739048101719
