,Efficiency,Strength,Cluster,Small world,Modularity
Loadings,0.00842516983010097,0.8371243939414991,0.5106757488321879,1.1791916678846308,0.9287565359090995
