,statistic,p_value
0,0.08333333333331439,0.9591894571091473
