,statistic,p_value
0,6.869565217391312,0.03223241651740532
