,statistic,p_value
0,2.173913043478251,0.33724132002352547
