,statistic,p_value
0,1.652173913043498,0.4377589088697885
