,statistic,p_value
0,0.08695652173912549,0.9574533680683832
