,statistic,p_value
0,5.826086956521749,0.05431018621163179
