,statistic,p_value
0,1.0833333333333144,0.5817778142098137
