,statistic,p_value
0,0.3333333333333144,0.8464817248906221
