,age,BECK,PCS,STAI,Sex
Loadings,0.33430194007743647,0.7101201926389064,0.19911634270099882,0.7499125462568275,0.48148543414919454
