,Efficiency,Strength,Cluster,Small world,Modularity
Loadings,1.907754502737124,-1.1797780214101825,2.2203750405524127,1.2387380458260742,0.6163201121393652
