,age,BECK,PCS,STAI,meanBPI,POQ,Sex
Loadings,0.19941788186960643,-0.41233805580623656,0.18001381181479065,-0.7988459138225232,0.3104982906254453,0.05385190206766184,0.7860515795807511
