,Efficiency,Strength,Cluster,Small world,Modularity
Loadings,-0.41353990091741366,0.5641035096139446,-0.5247767760569451,-0.5119177258896708,-0.372576902980322
