,age,BECK,PCS,STAI,Sex
Loadings,0.847797166854793,0.31279729853686544,0.6724815973031402,0.5103118241944352,-0.3826546213454798
